Workbook

Sheet data
A1: ### SUMMARY STATISTICS ###
B2: hungarian_dice | C2: hungarian_jaccard | D2: hungarian_simpson | E2: hungarian_euclidean | F2: hungarian_lcs | G2: hungarian_levenshtein | H2: hungarian_cosine | I2: hungarian_weighted-jaccard | J2: top-n-all_dice | K2: top-n-all_jaccard | L2: top-n-all_simpson | M2: top-n-all_euclidean | N2: top-n-all_lcs | O2: top-n-all_levenshtein | P2: top-n-all_cosine | Q2: top-n-all_weighted-jaccard | R2: top-n-one_dice | S2: top-n-one_jaccard | T2: top-n-one_simpson | U2: top-n-one_euclidean | V2: top-n-one_lcs | W2: top-n-one_levenshtein | X2: top-n-one_weighted-jaccard
A3: count | B3: 36 | C3: 36 | D3: 36 | E3: 36 | F3: 36 | G3: 36 | H3: 36 | I3: 36 | J3: 36 | K3: 36 | L3: 36 | M3: 36 | N3: 36 | O3: 36 | P3: 36 | Q3: 36 | R3: 36 | S3: 36 | T3: 36 | U3: 36 | V3: 36 | W3: 36 | X3: 36
A4: mean | B4: 0.9789396 | C4: 0.97344316 | D4: 0.98784922 | E4: 0.957648 | F4: 0.95083209 | G4: 0.93818776 | H4: 0.97781327 | I4: 0.94975653 | J4: 0.98818218 | K4: 0.98357602 | L4: 0.99392461 | M4: 0.97289167 | N4: 0.96083377 | O4: 0.94660175 | P4: 0.98902583 | Q4: 0.96239459 | R4: 1 | S4: 1 | T4: 1 | U4: 1 | V4: 1 | W4: 1 | X4: 1
A5: std | B5: 0.022986334 | C5: 0.028582609 | D5: 0.015909032 | E5: 0.047979698 | F5: 0.057903057 | G5: 0.076421567 | H5: 0.023325698 | I5: 0.058765883 | J5: 0.013460096 | K5: 0.018404005 | L5: 0.0079545162 | M5: 0.034320685 | N5: 0.050356948 | O5: 0.069880098 | P5: 0.012640041 | Q5: 0.048114794 | R5: 0 | S5: 0 | T5: 0 | U5: 0 | V5: 0 | W5: 0 | X5: 0
A6: min | B6: 0.93825159 | C6: 0.91953388 | D6: 0.95522388 | E6: 0.85860292 | F6: 0.82917885 | G6: 0.77216501 | H6: 0.93558763 | I6: 0.82164667 | J6: 0.96381316 | K6: 0.94676915 | L6: 0.97761194 | M6: 0.8946509 | N6: 0.8484452 | O6: 0.7910837 | P6: 0.96461936 | Q6: 0.85412879 | R6: 1 | S6: 1 | T6: 1 | U6: 1 | V6: 1 | W6: 1 | X6: 1
A7: 0.25 | B7: 0.96164211 | C7: 0.94715166 | D7: 0.98461538 | E7: 0.91580883 | F7: 0.90859168 | G7: 0.89262317 | H7: 0.9536567 | I7: 0.8992885 | J7: 0.97684922 | K7: 0.96398117 | L7: 0.99230769 | M7: 0.94855092 | N7: 0.93258966 | O7: 0.91276959 | P7: 0.97479933 | Q7: 0.93160503 | R7: 1 | S7: 1 | T7: 1 | U7: 1 | V7: 1 | W7: 1 | X7: 1
A8: 0.5 | B8: 0.98872903 | C8: 0.98692981 | D8: 1 | E8: 0.98348469 | F8: 0.98240651 | G8: 0.98109728 | H8: 0.98830539 | I8: 0.98310544 | J8: 0.99442828 | K8: 0.9929906 | L8: 1 | M8: 0.99301514 | N8: 0.990288 | O8: 0.98739058 | P8: 0.99533433 | Q8: 0.99091358 | R8: 1 | S8: 1 | T8: 1 | U8: 1 | V8: 1 | W8: 1 | X8: 1
A9: 0.75 | B9: 1 | C9: 1 | D9: 1 | E9: 1 | F9: 0.9999442 | G9: 0.99988839 | H9: 1 | I9: 1 | J9: 1 | K9: 1 | L9: 1 | M9: 1 | N9: 0.9999442 | O9: 0.99988839 | P9: 1 | Q9: 1 | R9: 1 | S9: 1 | T9: 1 | U9: 1 | V9: 1 | W9: 1 | X9: 1
A10: max | B10: 1 | C10: 1 | D10: 1 | E10: 1 | F10: 1 | G10: 1 | H10: 1 | I10: 1 | J10: 1 | K10: 1 | L10: 1 | M10: 1 | N10: 1 | O10: 1 | P10: 1 | Q10: 1 | R10: 1 | S10: 1 | T10: 1 | U10: 1 | V10: 1 | W10: 1 | X10: 1
A13: ### RAW DATA FOR BOX PLOT ###
A14: hungarian_dice | B14: hungarian_jaccard | C14: hungarian_simpson | D14: hungarian_euclidean | E14: hungarian_lcs | F14: hungarian_levenshtein | G14: hungarian_cosine | H14: hungarian_weighted-jaccard | I14: top-n-all_dice | J14: top-n-all_jaccard | K14: top-n-all_simpson | L14: top-n-all_euclidean | M14: top-n-all_lcs | N14: top-n-all_levenshtein | O14: top-n-all_cosine | P14: top-n-all_weighted-jaccard | Q14: top-n-one_dice | R14: top-n-one_jaccard | S14: top-n-one_simpson | T14: top-n-one_euclidean | U14: top-n-one_lcs | V14: top-n-one_levenshtein | W14: top-n-one_cosine | X14: top-n-one_weighted-jaccard
A15: 0.9541953 | B15: 0.94343165 | C15: 0.97014925 | D15: 0.93671493 | E15: 0.93082192 | F15: 0.91406463 | G15: 0.96025883 | H15: 0.9209029 | I15: 0.97431463 | J15: 0.95577768 | K15: 0.98507463 | L15: 0.95610614 | M15: 0.94412821 | N15: 0.92633241 | O15: 0.97729748 | P15: 0.94052323 | Q15: 1 | R15: 1 | S15: 1 | T15: 1 | U15: 1 | V15: 1 | X15: 1
A16: 0.99356858 | B16: 0.99065827 | C16: 1 | D16: 0.9836837 | E16: 0.99850825 | F16: 0.99985119 | G16: 0.99200972 | H16: 0.98344805 | I16: 0.99812947 | J16: 0.96398117 | K16: 1 | L16: 0.99754537 | M16: 0.9999256 | N16: 0.98894833 | O16: 0.99967129 | P16: 0.99500039 | Q16: 1 | R16: 1 | S16: 1 | T16: 1 | U16: 1 | V16: 1 | X16: 1
A17: 1 | B17: 1 | C17: 1 | D17: 1 | E17: 1 | F17: 1 | G17: 1 | H17: 1 | I17: 1 | J17: 0.996626 | K17: 1 | L17: 1 | M17: 1 | N17: 1 | O17: 1 | P17: 1 | Q17: 1 | R17: 1 | S17: 1 | T17: 1 | U17: 1 | V17: 1 | X17: 1
A18: 0.9711128 | B18: 0.95576837 | C18: 0.98461538 | D18: 0.91569789 | E18: 1 | F18: 0.77216501 | G18: 0.96207694 | H18: 0.86561862 | I18: 0.99072709 | J18: 1 | K18: 0.97761194 | L18: 0.94846817 | M18: 0.98818928 | N18: 0.97729955 | O18: 0.97074824 | P18: 0.98232321 | Q18: 1 | R18: 1 | S18: 1 | T18: 1 | U18: 1 | V18: 1 | X18: 1
A19: 0.97755737 | B19: 0.97403249 | C19: 0.98461538 | D19: 0.88140563 | E19: 0.98338159 | F19: 0.96433159 | G19: 0.97678605 | H19: 0.96790984 | I19: 0.97797145 | J19: 0.9715597 | K19: 0.99230769 | L19: 0.91356995 | M19: 0.99858265 | N19: 0.97524985 | O19: 0.97479933 | P19: 0.98198587 | Q19: 1 | R19: 1 | S19: 1 | T19: 1 | U19: 1 | V19: 1 | X19: 1
A20: 0.99356858 | B20: 0.99065827 | C20: 1 | D20: 0.98348469 | E20: 0.99858265 | F20: 0.983179 | G20: 0.99200607 | H20: 0.99965739 | I20: 1 | J20: 0.98606225 | K20: 1 | L20: 0.99980098 | M20: 1 | N20: 1 | O20: 0.99966765 | P20: 1 | Q20: 1 | R20: 1 | S20: 1 | T20: 1 | U20: 1 | V20: 1 | X20: 1
A21: 1 | B21: 0.92703027 | C21: 1 | D21: 1 | E21: 1 | F21: 1 | G21: 1 | H21: 1 | I21: 1 | J21: 1 | K21: 0.97761194 | L21: 1 | M21: 0.93158311 | N21: 0.91131029 | O21: 1 | P21: 0.98716938 | Q21: 1 | R21: 1 | S21: 1 | T21: 1 | U21: 1 | V21: 1 | X21: 1
A22: 0.9407499 | B22: 0.94715166 | C22: 0.95522388 | D22: 0.91569789 | E22: 0.86540339 | F22: 0.98233633 | G22: 0.94204582 | H22: 0.8990612 | I22: 0.98888571 | J22: 1 | K22: 0.99230769 | L22: 0.98868392 | M22: 0.87468227 | N22: 0.82406508 | O22: 0.99100102 | P22: 0.87965974 | Q22: 1 | R22: 1 | S22: 1 | T22: 1 | U22: 1 | V22: 1 | X22: 1
A23: 0.97755737 | B23: 1 | C23: 1 | D23: 0.88140563 | E23: 0.96818131 | F23: 0.99776947 | G23: 0.95365772 | H23: 0.85691153 | I23: 0.98888571 | J23: 0.94676915 | K23: 1 | L23: 0.91824229 | M23: 0.99238672 | N23: 0.99103005 | O23: 0.97516681 | P23: 0.99965739 | Q23: 1 | R23: 1 | S23: 1 | T23: 1 | U23: 1 | V23: 1 | X23: 1
A24: 1 | B24: 1 | C24: 1 | D24: 0.99980098 | E24: 0.8530422 | F24: 1 | G24: 0.99999635 | H24: 0.98310544 | I24: 1 | J24: 0.98606225 | K24: 1 | L24: 0.99734636 | M24: 0.93292518 | N24: 0.91325603 | O24: 0.99999635 | P24: 1 | Q24: 1 | R24: 1 | S24: 1 | T24: 1 | U24: 1 | V24: 1 | X24: 1
A25: 0.93825159 | B25: 0.97403249 | C25: 0.95522388 | D25: 1 | E25: 0.9999256 | F25: 0.89318068 | G25: 1 | H25: 1 | I25: 0.96519048 | J25: 1 | K25: 0.97761194 | L25: 1 | M25: 0.87468227 | N25: 0.82401342 | O25: 1 | P25: 0.88436743 | Q25: 1 | R25: 1 | S25: 1 | T25: 1 | U25: 1 | V25: 1 | X25: 1
A26: 0.96164211 | B26: 0.97403249 | C26: 0.98461538 | D26: 0.91584581 | E26: 1 | F26: 0.80565208 | G26: 0.9846047 | H26: 0.89936427 | I26: 0.97684922 | J26: 0.95897234 | K26: 0.99230769 | L26: 0.94857851 | M26: 0.99380407 | N26: 0.99985119 | O26: 0.97075133 | P26: 0.98232321 | Q26: 1 | R26: 1 | S26: 1 | T26: 1 | U26: 1 | V26: 1 | X26: 1
... A50: 1 | B50: 1 | C50: 1 | D50: 1 | E50: 1 | F50: 0.98109728 | G50: 1 | H50: 1 | I50: 1 | J50: 1 | K50: 1 | L50: 1 | M50: 1 | N50: 1 | O50: 1 | P50: 1 | Q50: 1 | R50: 1 | S50: 1 | T50: 1 | U50: 1 | V50: 1 | X50: 1

Sheet Box Plot
B1: =data!A14 -> hungarian_dice | C1: =data!B14 -> hungarian_jaccard | D1: =data!C14 -> hungarian_simpson | E1: =data!D14 -> hungarian_euclidean | F1: =data!E14 -> hungarian_lcs | G1: =data!F14 -> hungarian_levenshtein | H1: =data!G14 -> hungarian_cosine | I1: =data!H14 -> hungarian_weighted-jaccard | ... Y1: =data!X14 -> top-n-one_weighted-jaccard
A2: max | B2: =MAX(data!A15:A50) -> 1 | C2: =MAX(data!B15:B50) -> 1 | D2: =MAX(data!C15:C50) -> 1 | E2: =MAX(data!D15:D50) -> 1 | F2: =MAX(data!E15:E50) -> 1 | G2: =MAX(data!F15:F50) -> 1 | H2: =MAX(data!G15:G50) -> 1 | I2: =MAX(data!H15:H50) -> 1 | ... W2: =MAX(data!V15:V50) -> 1 | X2: 1 | Y2: =MAX(data!X15:X50) -> 1
A3: 0.75 | B3: =QUARTILE(data!A15:A50,3) -> 1 | C3: =QUARTILE(data!B15:B50,3) -> 1 | D3: =QUARTILE(data!C15:C50,3) -> 1 | E3: =QUARTILE(data!D15:D50,3) -> 1 | F3: =QUARTILE(data!E15:E50,3) -> 0.9999442 | G3: =QUARTILE(data!F15:F50,3) -> 0.99988839 | H3: =QUARTILE(data!G15:G50,3) -> 1 | I3: =QUARTILE(data!H15:H50,3) -> 1 | ... W3: =QUARTILE(data!V15:V50,3) -> 1 | X3: 1 | Y3: =QUARTILE(data!X15:X50,3) -> 1
A4: median | B4: =MEDIAN(data!A15:A50) -> 0.98872903 | C4: =MEDIAN(data!B15:B50) -> 0.98692981 | D4: =MEDIAN(data!C15:C50) -> 1 | E4: =MEDIAN(data!D15:D50) -> 0.98348469 | F4: =MEDIAN(data!E15:E50) -> 0.98240651 | G4: =MEDIAN(data!F15:F50) -> 0.98109728 | H4: =MEDIAN(data!G15:G50) -> 0.98830539 | I4: =MEDIAN(data!H15:H50) -> 0.98310544 | ... W4: =MEDIAN(data!V15:V50) -> 1 | X4: 1 | Y4: =MEDIAN(data!X15:X50) -> 1
A5: 0.25 | B5: =QUARTILE(data!A15:A50,1) -> 0.96164211 | C5: =QUARTILE(data!B15:B50,1) -> 0.94715166 | D5: =QUARTILE(data!C15:C50,1) -> 0.98461538 | E5: =QUARTILE(data!D15:D50,1) -> 0.91580883 | F5: =QUARTILE(data!E15:E50,1) -> 0.90859168 | G5: =QUARTILE(data!F15:F50,1) -> 0.89262317 | H5: =QUARTILE(data!G15:G50,1) -> 0.9536567 | I5: =QUARTILE(data!H15:H50,1) -> 0.8992885 | ... W5: =QUARTILE(data!V15:V50,1) -> 1 | X5: 1 | Y5: =QUARTILE(data!X15:X50,1) -> 1
A6: min | B6: =MIN(data!A15:A50) -> 0.93825159 | C6: =MIN(data!B15:B50) -> 0.91953388 | D6: =MIN(data!C15:C50) -> 0.95522388 | E6: =MIN(data!D15:D50) -> 0.85860292 | F6: =MIN(data!E15:E50) -> 0.82917885 | G6: =MIN(data!F15:F50) -> 0.77216501 | H6: =MIN(data!G15:G50) -> 0.93558763 | I6: =MIN(data!H15:H50) -> 0.82164667 | ... W6: =MIN(data!V15:V50) -> 1 | X6: 1 | Y6: =MIN(data!X15:X50) -> 1
B8: Dice | C8: Jaccard | D8: Simpson | E8: Euclidean | F8: LCS | G8: Levenshtein | H8: Cosine | I8: W-Jaccard | J8: Dice | K8: Jaccard | L8: Simpson | M8: Euclidean | N8: LCS | O8: Levenshtein | P8: Cosine | Q8: W-Jaccard | R8: Dice | S8: Jaccard | T8: Simpson | U8: Euclidean | V8: LCS | W8: Levenshtein | X8: Cosine | Y8: W-Jaccard
A9: グラフ用データ | B9: =B1 -> hungarian_dice | C9: =C1 -> hungarian_jaccard | D9: =D1 -> hungarian_simpson | E9: =E1 -> hungarian_euclidean | F9: =F1 -> hungarian_lcs | G9: =G1 -> hungarian_levenshtein | H9: =H1 -> hungarian_cosine | I9: =I1 -> hungarian_weighted-jaccard | ... Y9: =Y1 -> top-n-one_weighted-jaccard
A10: max-75% | B10: =B2-B3 -> 0 | C10: =C2-C3 -> 0 | D10: =D2-D3 -> 0 | E10: =E2-E3 -> 0 | F10: =F2-F3 -> 5.5803571e-05 | G10: =G2-G3 -> 0.00011160714 | H10: =H2-H3 -> 0 | I10: =I2-I3 -> 0 | ... Y10: =Y2-Y3 -> 0
A11: 75%-median | B11: =B3-B4 -> 0.011270968 | C11: =C3-C4 -> 0.013070185 | D11: =D3-D4 -> 0 | E11: =E3-E4 -> 0.016515313 | F11: =F3-F4 -> 0.017537691 | G11: =G3-G4 -> 0.018791117 | H11: =H3-H4 -> 0.011694615 | I11: =I3-I4 -> 0.016894557 | ... Y11: =Y3-Y4 -> 0
A12: median-25% | B12: =B4-B5 -> 0.027086919 | C12: =C4-C5 -> 0.039778153 | D12: =D4-D5 -> 0.015384615 | E12: =E4-E5 -> 0.067675855 | F12: =F4-F5 -> 0.07381482 | G12: =G4-G5 -> 0.088474102 | H12: =H4-H5 -> 0.034648689 | I12: =I4-I5 -> 0.08381694 | ... Y12: =Y4-Y5 -> 0
A13: 25% | B13: =B5 -> 0.96164211 | C13: =C5 -> 0.94715166 | D13: =D5 -> 0.98461538 | E13: =E5 -> 0.91580883 | F13: =F5 -> 0.90859168 | G13: =G5 -> 0.89262317 | H13: =H5 -> 0.9536567 | I13: =I5 -> 0.8992885 | ... Y13: =Y5 -> 1
A14: 25%-min | B14: =B5-B6 -> 0.023390518 | C14: =C5-C6 -> 0.027617778 | D14: =D5-D6 -> 0.029391504 | E14: =E5-E6 -> 0.057205907 | F14: =F5-F6 -> 0.079412838 | G14: =G5-G6 -> 0.12045816 | H14: =H5-H6 -> 0.018069069 | I14: =I5-I6 -> 0.077641833 | ... Y14: =Y5-Y6 -> 0
