Workbook

Sheet Cosine
A1: similarity | B1: Cross-Arch (Non-Windows) | C1: Cross-Arch (Windows) | D1: Cross-OS | E1: Cross-Compiler | F1: Cross-Language
A2: 0 | B2: 0 | C2: 0 | D2: 0 | E2: 0 | F2: 0
A3: 0.01 | B3: 0 | C3: 0 | D3: 0 | E3: 0 | F3: 0.114
A4: 0.02 | B4: 0 | C4: 0 | D4: 0 | E4: 0 | F4: 0.286
A5: 0.03 | B5: 0 | C5: 0 | D5: 0.094 | E5: 0 | F5: 0.443
A6: 0.04 | B6: 0 | C6: 0 | D6: 0.125 | E6: 0.05 | F6: 0.457
A7: 0.05 | B7: 0 | C7: 0 | D7: 0.125 | E7: 0.15 | F7: 0.471
A8: 0.06 | B8: 0 | C8: 0 | D8: 0.125 | E8: 0.15 | F8: 0.529
A9: 0.07 | B9: 0 | C9: 0 | D9: 0.125 | E9: 0.2 | F9: 0.571
A10: 0.08 | B10: 0 | C10: 0 | D10: 0.125 | E10: 0.2 | F10: 0.586
A11: 0.09 | B11: 0 | C11: 0 | D11: 0.125 | E11: 0.2 | F11: 0.643
A12: 0.1 | B12: 0 | C12: 0 | D12: 0.125 | E12: 0.2 | F12: 0.686
A13: 0.11 | B13: 0 | C13: 0 | D13: 0.125 | E13: 0.2 | F13: 0.714
... A102: 1 | B102: 1 | C102: 1 | D102: 1 | E102: 1 | F102: 1

Sheet Sheet1
B1: Cross-Arch | C1: Cross-OS | D1: Cross-Compiler | E1: Cross-Language | F1: =Cosine!B1 -> Cross-Arch (Non-Windows) | G1: =Cosine!C1 -> Cross-Arch (Windows)
A2: 0 | B2: 0 | C2: 0 | D2: 0 | E2: 0 | F2: =Cosine!B2 -> 0 | G2: =Cosine!C2 -> 0
A3: 0.01 | B3: 0 | C3: 0 | D3: 0 | E3: 0.114 | F3: =Cosine!B3 -> 0 | G3: =Cosine!C3 -> 0
A4: 0.02 | B4: 0 | C4: 0 | D4: 0 | E4: 0.286 | F4: =Cosine!B4 -> 0 | G4: =Cosine!C4 -> 0
A5: 0.03 | B5: 0 | C5: 0.094 | D5: 0 | E5: 0.443 | F5: =Cosine!B5 -> 0 | G5: =Cosine!C5 -> 0
A6: 0.04 | B6: 0 | C6: 0.125 | D6: 0.05 | E6: 0.457 | F6: =Cosine!B6 -> 0 | G6: =Cosine!C6 -> 0
A7: 0.05 | B7: 0 | C7: 0.125 | D7: 0.15 | E7: 0.471 | F7: =Cosine!B7 -> 0 | G7: =Cosine!C7 -> 0
A8: 0.06 | B8: 0 | C8: 0.125 | D8: 0.15 | E8: 0.529 | F8: =Cosine!B8 -> 0 | G8: =Cosine!C8 -> 0
A9: 0.07 | B9: 0 | C9: 0.125 | D9: 0.2 | E9: 0.571 | F9: =Cosine!B9 -> 0 | G9: =Cosine!C9 -> 0
A10: 0.08 | B10: 0 | C10: 0.125 | D10: 0.2 | E10: 0.586 | F10: =Cosine!B10 -> 0 | G10: =Cosine!C10 -> 0
A11: 0.09 | B11: 0 | C11: 0.125 | D11: 0.2 | E11: 0.643 | F11: =Cosine!B11 -> 0 | G11: =Cosine!C11 -> 0
A12: 0.1 | B12: 0 | C12: 0.125 | D12: 0.2 | E12: 0.686 | F12: =Cosine!B12 -> 0 | G12: =Cosine!C12 -> 0
A13: 0.11 | B13: 0 | C13: 0.125 | D13: 0.2 | E13: 0.714 | F13: =Cosine!B13 -> 0 | G13: =Cosine!C13 -> 0
... A101: 0.99 | B101: 1 | C101: 1 | D101: 1 | E101: 1 | F101: =Cosine!B101 -> 1 | G101: =Cosine!C101 -> 1
A102: 1 | B102: 1 | C102: 1 | D102: 1 | E102: 1
